{
  "_format": "hh-sol-cache-2",
  "files": {
    "D:\\Sem 7\\INT445 - BLOCK CHAIN FRAMEWORKS LABORATORY\\EX02\\contracts\\Lock.sol": {
      "lastModificationDate": 1730055380830,
      "contentHash": "101c00cb43bd6d4be9704e08c973d5ad",
      "sourceName": "contracts/Lock.sol",
      "solcConfig": {
        "version": "0.8.27",
        "settings": {
          "evmVersion": "paris",
          "optimizer": {
            "enabled": false,
            "runs": 200
          },
          "outputSelection": {
            "*": {
              "*": [
                "abi",
                "evm.bytecode",
                "evm.deployedBytecode",
                "evm.methodIdentifiers",
                "metadata"
              ],
              "": [
                "ast"
              ]
            }
          }
        }
      },
      "imports": [],
      "versionPragmas": [
        "^0.8.27"
      ],
      "artifacts": [
        "Lock"
      ]
    },
    "D:\\Sem 7\\INT445 - BLOCK CHAIN FRAMEWORKS LABORATORY\\EX02\\contracts\\WomenMicrofinance.sol": {
      "lastModificationDate": 1730056175887,
      "contentHash": "d796d5ad52a1c8be78f1eba311120b87",
      "sourceName": "contracts/WomenMicrofinance.sol",
      "solcConfig": {
        "version": "0.8.27",
        "settings": {
          "evmVersion": "paris",
          "optimizer": {
            "enabled": false,
            "runs": 200
          },
          "outputSelection": {
            "*": {
              "*": [
                "abi",
                "evm.bytecode",
                "evm.deployedBytecode",
                "evm.methodIdentifiers",
                "metadata"
              ],
              "": [
                "ast"
              ]
            }
          }
        }
      },
      "imports": [],
      "versionPragmas": [
        "^0.8.0"
      ],
      "artifacts": [
        "WomenMicrofinance"
      ]
    }
  }
}
